{"cameraMode":{"drawMode":0,"name":"Shaded","section":"Shading Mode"},"sceneLighting":true,"audioPlay":false,"sceneViewState":{"m_AlwaysRefresh":false,"showFog":true,"showSkybox":false,"showFlares":true,"showImageEffects":true,"showParticleSystems":true,"showVisualEffectGraphs":true,"m_FxEnabled":true},"in2DMode":false,"pivot":{"x":0.4702754020690918,"y":1.6588810682296754,"z":0.46774351596832278},"rotation":{"x":0.2276126593351364,"y":0.5796017050743103,"z":-0.17281243205070496,"w":0.763206958770752},"size":2.357952117919922,"orthographic":false}