{"cameraMode":{"drawMode":0,"name":"Shaded","section":"Shading Mode"},"sceneLighting":false,"audioPlay":false,"sceneViewState":{"showFog":true,"showMaterialUpdate":false,"showSkybox":false,"showFlares":true,"showImageEffects":true,"showParticleSystems":true},"in2DMode":false,"pivot":{"x":-0.17061090469360352,"y":0.8876504898071289,"z":-0.1986946165561676},"rotation":{"x":-0.24069179594516755,"y":0.6664413809776306,"z":-0.24199441075325013,"w":-0.6628539562225342},"size":2.659827470779419,"orthographic":false}