{"cameraMode":{"drawMode":0,"name":"Shaded","section":"Shading Mode"},"sceneLighting":false,"audioPlay":false,"sceneViewState":{"showFog":true,"showMaterialUpdate":false,"showSkybox":false,"showFlares":true,"showImageEffects":true,"showParticleSystems":true},"in2DMode":false,"pivot":{"x":-1.4176082611083985,"y":0.6289193630218506,"z":0.5683484673500061},"rotation":{"x":0.06851102411746979,"y":-0.7377594709396362,"z":0.07574357092380524,"w":0.6672980785369873},"size":3.163484811782837,"orthographic":false}