{"cameraMode":{"drawMode":0,"name":"Shaded","section":"Shading Mode"},"sceneLighting":false,"audioPlay":false,"sceneViewState":{"showFog":true,"showMaterialUpdate":false,"showSkybox":false,"showFlares":true,"showImageEffects":true,"showParticleSystems":true},"in2DMode":false,"pivot":{"x":-1.396303653717041,"y":0.10919308662414551,"z":12.524313926696778},"rotation":{"x":0.12350642681121826,"y":-0.6792043447494507,"z":0.11750636249780655,"w":0.7138901948928833},"size":3.7912986278533937,"orthographic":false}