{"cameraMode":{"drawMode":0,"name":"Shaded","section":"Shading Mode"},"sceneLighting":false,"audioPlay":false,"sceneViewState":{"showFog":true,"showMaterialUpdate":false,"showSkybox":false,"showFlares":true,"showImageEffects":true,"showParticleSystems":true},"in2DMode":false,"pivot":{"x":757.2071533203125,"y":654.468505859375,"z":1372.5712890625},"rotation":{"x":0.13366153836250306,"y":-0.0698067843914032,"z":0.009437425062060357,"w":0.9885231852531433},"size":1233.1422119140625,"orthographic":false}