{"cameraMode":{"drawMode":0,"name":"Shaded","section":"Shading Mode"},"sceneLighting":false,"audioPlay":false,"sceneViewState":{"showFog":true,"showMaterialUpdate":false,"showSkybox":false,"showFlares":true,"showImageEffects":true,"showParticleSystems":true},"in2DMode":false,"pivot":{"x":928.23583984375,"y":669.1159057617188,"z":272.759765625},"rotation":{"x":-0.22665469348430634,"y":0.08345362544059754,"z":-0.01949673518538475,"w":-0.9702037572860718},"size":844.728759765625,"orthographic":false}