{"cameraMode":{"drawMode":0,"name":"Shaded","section":"Shading Mode"},"sceneLighting":false,"audioPlay":false,"sceneViewState":{"showFog":true,"showMaterialUpdate":false,"showSkybox":false,"showFlares":true,"showImageEffects":true,"showParticleSystems":true},"in2DMode":false,"pivot":{"x":178.6223907470703,"y":8.271994590759278,"z":33.61616897583008},"rotation":{"x":0.0007249580812640488,"y":-0.998219907283783,"z":0.058462612330913547,"w":0.01256092730909586},"size":5.17143440246582,"orthographic":false}