{"cameraMode":{"drawMode":0,"name":"Shaded","section":"Shading Mode"},"sceneLighting":true,"audioPlay":false,"sceneViewState":{"showFog":true,"showMaterialUpdate":false,"showSkybox":false,"showFlares":true,"showImageEffects":true,"showParticleSystems":true},"in2DMode":false,"pivot":{"x":-0.632879376411438,"y":1.2685065269470215,"z":0.042936086654663089},"rotation":{"x":-0.07822971791028977,"y":0.9217568039894104,"z":-0.26555415987968447,"w":-0.2715451121330261},"size":6.549324989318848,"orthographic":false}