{"cameraMode":{"drawMode":0,"name":"Shaded","section":"Shading Mode"},"sceneLighting":false,"audioPlay":false,"sceneViewState":{"showFog":true,"showMaterialUpdate":false,"showSkybox":false,"showFlares":true,"showImageEffects":true,"showParticleSystems":true},"in2DMode":false,"pivot":{"x":-0.3530130386352539,"y":1.0048725605010987,"z":9.964038848876954},"rotation":{"x":0.17882980406284333,"y":0.7156690359115601,"z":-0.19830575585365296,"w":0.6453800201416016},"size":3.3724443912506105,"orthographic":false}