{"cameraMode":{"drawMode":0,"name":"Shaded","section":"Shading Mode"},"sceneLighting":false,"audioPlay":false,"sceneViewState":{"showFog":true,"showMaterialUpdate":false,"showSkybox":false,"showFlares":true,"showImageEffects":true,"showParticleSystems":true},"in2DMode":false,"pivot":{"x":3.987238883972168,"y":4.285419940948486,"z":9.989765167236329},"rotation":{"x":0.20944301784038545,"y":-0.6292164921760559,"z":0.18148626387119294,"w":0.7261457443237305},"size":0.22755533456802369,"orthographic":false}