{"cameraMode":{"drawMode":0,"name":"Shaded","section":"Shading Mode"},"sceneLighting":false,"audioPlay":false,"sceneViewState":{"showFog":true,"showMaterialUpdate":false,"showSkybox":false,"showFlares":true,"showImageEffects":true,"showParticleSystems":true},"in2DMode":false,"pivot":{"x":5.417539596557617,"y":0.2527141571044922,"z":0.15353965759277345},"rotation":{"x":-0.21028605103492738,"y":0.7639784216880798,"z":-0.3036479651927948,"w":-0.5290848016738892},"size":16.66083526611328,"orthographic":false}