{"cameraMode":{"drawMode":0,"name":"Shaded","section":"Shading Mode"},"sceneLighting":false,"audioPlay":false,"sceneViewState":{"showFog":true,"showMaterialUpdate":false,"showSkybox":false,"showFlares":true,"showImageEffects":true,"showParticleSystems":true},"in2DMode":false,"pivot":{"x":0.08552855253219605,"y":0.03131921589374542,"z":-0.02961982786655426},"rotation":{"x":-0.44324153661727908,"y":-0.47083139419555666,"z":0.2970346510410309,"w":-0.702589213848114},"size":0.9323902130126953,"orthographic":false}