{"cameraMode":{"drawMode":0,"name":"Shaded","section":"Shading Mode"},"sceneLighting":false,"audioPlay":false,"sceneViewState":{"showFog":true,"showMaterialUpdate":false,"showSkybox":false,"showFlares":true,"showImageEffects":true,"showParticleSystems":true},"in2DMode":false,"pivot":{"x":-0.48545289039611819,"y":0.6184513568878174,"z":0.030436158180236818},"rotation":{"x":-0.44324153661727908,"y":-0.47083139419555666,"z":0.2970346510410309,"w":-0.702589213848114},"size":2.967184066772461,"orthographic":false}