{"cameraMode":{"drawMode":0,"name":"Shaded","section":"Shading Mode"},"sceneLighting":true,"audioPlay":false,"sceneViewState":{"showFog":true,"showMaterialUpdate":false,"showSkybox":true,"showFlares":true,"showImageEffects":true,"showParticleSystems":true},"in2DMode":false,"pivot":{"x":164.31227111816407,"y":27.117950439453126,"z":-6.5482177734375},"rotation":{"x":-0.0737350732088089,"y":-0.014362704008817673,"z":0.001061523100361228,"w":-0.9971778988838196},"size":146.0625,"orthographic":false}