{"cameraMode":{"drawMode":0,"name":"Shaded","section":"Shading Mode"},"sceneLighting":false,"audioPlay":false,"sceneViewState":{"showFog":true,"showMaterialUpdate":false,"showSkybox":false,"showFlares":true,"showImageEffects":true,"showParticleSystems":true},"in2DMode":false,"pivot":{"x":-0.5341185331344605,"y":0.34028053283691409,"z":2.346560478210449},"rotation":{"x":-0.3924320936203003,"y":0.04604904353618622,"z":-0.019676171243190767,"w":-0.9184181690216065},"size":6.872097969055176,"orthographic":false}