{"cameraMode":{"drawMode":0,"name":"Shaded","section":"Shading Mode"},"sceneLighting":false,"audioPlay":false,"sceneViewState":{"showFog":true,"showMaterialUpdate":false,"showSkybox":false,"showFlares":true,"showImageEffects":true,"showParticleSystems":true},"in2DMode":false,"pivot":{"x":-0.4111328125,"y":0.388916015625,"z":1.6497802734375},"rotation":{"x":0.2035689353942871,"y":-0.582932710647583,"z":0.15382401645183564,"w":0.7714365720748901},"size":5.093994617462158,"orthographic":true}