{"cameraMode":{"drawMode":0,"name":"Shaded","section":"Shading Mode"},"sceneLighting":true,"audioPlay":false,"sceneViewState":{"showFog":true,"showMaterialUpdate":false,"showSkybox":true,"showFlares":true,"showImageEffects":true,"showParticleSystems":true},"in2DMode":false,"pivot":{"x":19.458984375,"y":6.40234375,"z":13.6343994140625},"rotation":{"x":-0.05535029619932175,"y":0.7014173269271851,"z":-0.05485338717699051,"w":-0.7085619568824768},"size":17.39130973815918,"orthographic":true}