{"cameraMode":{"drawMode":0,"name":"Shaded","section":"Shading Mode"},"sceneLighting":false,"audioPlay":false,"sceneViewState":{"showFog":true,"showMaterialUpdate":false,"showSkybox":false,"showFlares":true,"showImageEffects":true,"showParticleSystems":true},"in2DMode":false,"pivot":{"x":-0.10595703125,"y":0.045166015625,"z":3.4938430786132814},"rotation":{"x":0.15181580185890199,"y":-0.6982560157775879,"z":0.1554100215435028,"w":0.682099461555481},"size":0.9720160365104675,"orthographic":true}