{"cameraMode":{"drawMode":0,"name":"Shaded","section":"Shading Mode"},"sceneLighting":false,"audioPlay":false,"sceneViewState":{"showFog":true,"showMaterialUpdate":false,"showSkybox":false,"showFlares":true,"showImageEffects":true,"showParticleSystems":true},"in2DMode":false,"pivot":{"x":-2.335763454437256,"y":-0.37363290786743166,"z":0.965265154838562},"rotation":{"x":-0.14474640786647798,"y":0.5718514919281006,"z":-0.1033545657992363,"w":-0.8008493781089783},"size":4.379121780395508,"orthographic":false}