{"cameraMode":{"drawMode":0,"name":"Shaded","section":"Shading Mode"},"sceneLighting":false,"audioPlay":false,"sceneViewState":{"showFog":true,"showMaterialUpdate":false,"showSkybox":false,"showFlares":true,"showImageEffects":true,"showParticleSystems":true},"in2DMode":false,"pivot":{"x":18.770227432250978,"y":1.2112783193588257,"z":-17.0},"rotation":{"x":-0.1497095823287964,"y":0.02135239914059639,"z":-0.0032320378813892605,"w":-0.9884973168373108},"size":2.772444486618042,"orthographic":false}