{"cameraMode":{"drawMode":0,"name":"Shaded","section":"Shading Mode"},"sceneLighting":false,"audioPlay":false,"sceneViewState":{"showFog":true,"showMaterialUpdate":false,"showSkybox":false,"showFlares":true,"showImageEffects":true,"showParticleSystems":true},"in2DMode":false,"pivot":{"x":0.37047910690307619,"y":-1.7858154773712159,"z":5.267745494842529},"rotation":{"x":-0.2167244702577591,"y":-0.14089104533195496,"z":0.03162922337651253,"w":-0.9655001163482666},"size":5.984053611755371,"orthographic":false}