{"cameraMode":{"drawMode":0,"name":"Shaded","section":"Shading Mode"},"sceneLighting":true,"audioPlay":false,"sceneViewState":{"showFog":true,"showMaterialUpdate":false,"showSkybox":false,"showFlares":true,"showImageEffects":true,"showParticleSystems":true},"in2DMode":false,"pivot":{"x":0.6643846035003662,"y":2.976020574569702,"z":0.556027889251709},"rotation":{"x":0.16845861077308656,"y":0.23409759998321534,"z":-0.04122287034988403,"w":0.95662522315979},"size":2.9579520225524904,"orthographic":false}