{"cameraMode":{"drawMode":0,"name":"Shaded","section":"Shading Mode"},"sceneLighting":true,"audioPlay":false,"sceneViewState":{"showFog":true,"showMaterialUpdate":false,"showSkybox":false,"showFlares":true,"showImageEffects":true,"showParticleSystems":true},"in2DMode":false,"pivot":{"x":0.19252943992614747,"y":1.3210766315460206,"z":0.12353110313415528},"rotation":{"x":0.16845861077308656,"y":0.23409759998321534,"z":-0.04122287034988403,"w":0.95662522315979},"size":1.4579522609710694,"orthographic":false}