{"cameraMode":{"drawMode":0,"name":"Shaded","section":"Shading Mode"},"sceneLighting":false,"audioPlay":false,"sceneViewState":{"showFog":true,"showMaterialUpdate":false,"showSkybox":false,"showFlares":true,"showImageEffects":true,"showParticleSystems":true},"in2DMode":false,"pivot":{"x":-5.826503753662109,"y":-0.27565574645996096,"z":-11.529022216796875},"rotation":{"x":-0.26776033639907839,"y":0.6509924530982971,"z":-0.2644144892692566,"w":-0.6592512130737305},"size":13.553237915039063,"orthographic":false}