{"cameraMode":{"drawMode":0,"name":"Shaded","section":"Shading Mode"},"sceneLighting":true,"audioPlay":false,"sceneViewState":{"showFog":true,"showMaterialUpdate":false,"showSkybox":true,"showFlares":true,"showImageEffects":true,"showParticleSystems":true},"in2DMode":false,"pivot":{"x":1.8691082000732422,"y":9.674324035644532,"z":-1.3845338821411133},"rotation":{"x":-0.11844624578952789,"y":0.7803060412406921,"z":-0.1555875539779663,"w":-0.5940541625022888},"size":16.328121185302736,"orthographic":false}