{"cameraMode":{"drawMode":0,"name":"Shaded","section":"Shading Mode"},"sceneLighting":false,"audioPlay":false,"sceneViewState":{"showFog":true,"showMaterialUpdate":false,"showSkybox":false,"showFlares":true,"showImageEffects":true,"showParticleSystems":true},"in2DMode":false,"pivot":{"x":-8.14989948272705,"y":0.8386752605438232,"z":-0.41516971588134768},"rotation":{"x":-0.06488913297653198,"y":0.9225972294807434,"z":-0.17820854485034944,"w":-0.33593669533729555},"size":3.402798652648926,"orthographic":false}