{"cameraMode":{"drawMode":0,"name":"Shaded","section":"Shading Mode"},"sceneLighting":true,"audioPlay":false,"sceneViewState":{"showFog":true,"showMaterialUpdate":false,"showSkybox":true,"showFlares":true,"showImageEffects":true,"showParticleSystems":true},"in2DMode":false,"pivot":{"x":321.97686767578127,"y":143.82589721679688,"z":732.7786865234375},"rotation":{"x":-0.10196196287870407,"y":0.05726443603634834,"z":-0.005879175383597612,"w":-0.9931222796440125},"size":730.1788940429688,"orthographic":false}