{"cameraMode":{"drawMode":0,"name":"Shaded","section":"Shading Mode"},"sceneLighting":true,"audioPlay":false,"sceneViewState":{"showFog":true,"showMaterialUpdate":false,"showSkybox":true,"showFlares":true,"showImageEffects":true,"showParticleSystems":true},"in2DMode":false,"pivot":{"x":240.42628479003907,"y":5.60400390625,"z":222.576171875},"rotation":{"x":-0.18375931680202485,"y":-0.0008873393526300788,"z":0.00016590155428275466,"w":-0.9829708337783814},"size":2023.3665771484375,"orthographic":false}