{"cameraMode":{"drawMode":0,"name":"Shaded","section":"Shading Mode"},"sceneLighting":true,"audioPlay":false,"sceneViewState":{"showFog":true,"showMaterialUpdate":false,"showSkybox":true,"showFlares":true,"showImageEffects":true,"showParticleSystems":true},"in2DMode":false,"pivot":{"x":116.18955993652344,"y":389.66400146484377,"z":575.6826171875},"rotation":{"x":-0.04079414904117584,"y":0.014085294678807259,"z":-0.0005751047865487635,"w":-0.9990692138671875},"size":787.0880126953125,"orthographic":false}