{"cameraMode":{"drawMode":0,"name":"Shaded","section":"Shading Mode"},"sceneLighting":false,"audioPlay":false,"sceneViewState":{"showFog":true,"showMaterialUpdate":false,"showSkybox":false,"showFlares":true,"showImageEffects":true,"showParticleSystems":true},"in2DMode":false,"pivot":{"x":0.0,"y":0.914877712726593,"z":0.0048100948333740238},"rotation":{"x":-0.25543102622032168,"y":0.0107290493324399,"z":-0.0028347447514533998,"w":-0.9667646288871765},"size":1.6339199542999268,"orthographic":false}