{"cameraMode":{"drawMode":0,"name":"Shaded","section":"Shading Mode"},"sceneLighting":false,"audioPlay":false,"sceneViewState":{"showFog":true,"showMaterialUpdate":false,"showSkybox":false,"showFlares":true,"showImageEffects":true,"showParticleSystems":true},"in2DMode":false,"pivot":{"x":-44.298377990722659,"y":-79.4826431274414,"z":13.072296142578125},"rotation":{"x":-0.4013141691684723,"y":0.5168469548225403,"z":-0.29856303334236147,"w":-0.6947776675224304},"size":53.965755462646487,"orthographic":false}