{"cameraMode":{"drawMode":0,"name":"Shaded","section":"Shading Mode"},"sceneLighting":false,"audioPlay":false,"sceneViewState":{"showFog":true,"showMaterialUpdate":false,"showSkybox":false,"showFlares":true,"showImageEffects":true,"showParticleSystems":true},"in2DMode":false,"pivot":{"x":0.3317568302154541,"y":-1.9977226257324219,"z":6.004398822784424},"rotation":{"x":0.35289266705513,"y":0.07287225127220154,"z":-0.027580510824918748,"w":0.9324188232421875},"size":7.426955223083496,"orthographic":false}