{"cameraMode":{"drawMode":0,"name":"Shaded","section":"Shading Mode"},"sceneLighting":true,"audioPlay":false,"sceneViewState":{"showFog":true,"showMaterialUpdate":false,"showSkybox":false,"showFlares":true,"showImageEffects":true,"showParticleSystems":true},"in2DMode":false,"pivot":{"x":0.3159688115119934,"y":2.0783884525299074,"z":0.6830229759216309},"rotation":{"x":0.2228294163942337,"y":-0.07012404501438141,"z":0.016072986647486688,"w":0.9722013473510742},"size":2.357952117919922,"orthographic":false}