{"cameraMode":{"drawMode":0,"name":"Shaded","section":"Shading Mode"},"sceneLighting":false,"audioPlay":false,"sceneViewState":{"showFog":true,"showMaterialUpdate":false,"showSkybox":false,"showFlares":true,"showImageEffects":true,"showParticleSystems":true},"in2DMode":false,"pivot":{"x":-1.4317712783813477,"y":0.4646416902542114,"z":13.57500171661377},"rotation":{"x":0.059677593410015109,"y":-0.6761060357093811,"z":0.055093370378017429,"w":0.7323229908943176},"size":4.033919811248779,"orthographic":false}