{"cameraMode":{"drawMode":0,"name":"Shaded","section":"Shading Mode"},"sceneLighting":false,"audioPlay":false,"sceneViewState":{"showFog":true,"showMaterialUpdate":false,"showSkybox":false,"showFlares":true,"showImageEffects":true,"showParticleSystems":true},"in2DMode":false,"pivot":{"x":18.770227432250978,"y":0.9148776531219482,"z":-16.995189666748048},"rotation":{"x":0.33273738622665408,"y":-0.6078420281410217,"z":0.3109157681465149,"w":0.6505103707313538},"size":2.5339195728302,"orthographic":false}