{"cameraMode":{"drawMode":0,"name":"Shaded","section":"Shading Mode"},"sceneLighting":true,"audioPlay":false,"sceneViewState":{"showFog":true,"showMaterialUpdate":false,"showSkybox":false,"showFlares":true,"showImageEffects":true,"showParticleSystems":true},"in2DMode":false,"pivot":{"x":0.2984999418258667,"y":2.0358543395996095,"z":0.659698486328125},"rotation":{"x":0.2228294163942337,"y":-0.07012404501438141,"z":0.016072986647486688,"w":0.9722013473510742},"size":7.024713516235352,"orthographic":false}