{"cameraMode":{"drawMode":0,"name":"Shaded","section":"Shading Mode"},"sceneLighting":false,"audioPlay":false,"sceneViewState":{"showFog":true,"showMaterialUpdate":false,"showSkybox":false,"showFlares":true,"showImageEffects":true,"showParticleSystems":true},"in2DMode":false,"pivot":{"x":0.06407803297042847,"y":1.7899116277694703,"z":0.011886119842529297},"rotation":{"x":0.004805106669664383,"y":0.041982728987932208,"z":-0.0002014583005802706,"w":0.9991092085838318},"size":3.2122690677642824,"orthographic":false}